{
    "properties": {
        "description": {
            "type": "string"
        },
        "loginId": {
            "type": "string"
        },
        "transactionKey": {
            "type": "string"
        },
        "clientKey": {
            "type": "string"
        },
        "mode": {
            "type": "string",
            "enum": ["test", "live"]
        }
    },
    "required": [
        "description",
        "loginId",
        "transactionKey",
        "clientKey",
        "mode"
    ],
    "additionalProperties": false
}