{
    "properties": {
        "description": {
            "type": "string"
        },
        "secretKey": {
            "type": "string",
            "default": "sandbox"
        },
        "publicKey": {
            "type": "string"
        },
        "stripeCurrency": {
            "type": "string"
        },
        "stripeDescription": {
            "type": "string"
        },
        "stripeLogoURL": {
            "type": "string",
            "format": "uri-template"
        },
        "stripeWebhookSecret": {
            "type": "string"
        }
    },
    "required": [
        "description",
        "secretKey",
        "publicKey",
        "stripeCurrency",
        "stripeDescription",
        "stripeLogoURL"
    ],
    "additionalProperties": false
}